{"cameraMode":{"drawMode":0,"name":"Shaded","section":"Shading Mode"},"sceneLighting":true,"audioPlay":false,"sceneViewState":{"m_AlwaysRefresh":false,"showFog":true,"showSkybox":true,"showFlares":true,"showImageEffects":true,"showParticleSystems":true,"showVisualEffectGraphs":true,"m_FxEnabled":true},"in2DMode":false,"pivot":{"x":0.8519928455352783,"y":0.32890796661376955,"z":-1.7927131652832032},"rotation":{"x":-0.06570837646722794,"y":0.9325302243232727,"z":-0.2196342647075653,"w":-0.2789876461029053},"size":3.0283451080322267,"orthographic":false}